	Kingdom	Phylum	Class	Order	Family	Genus	Species
otu_00001	Bacteria	Proteobacteria	Gammaproteobacteria	Pseudomonadales	Moraxellaceae	Acinetobacter	Beijerinckii
otu_00004	Bacteria	Proteobacteria	Gammaproteobacteria	Pseudomonadales	Moraxellaceae	Acinetobacter	Calcoaceticus
otu_00005	Bacteria	Proteobacteria	Gammaproteobacteria	Pseudomonadales	Moraxellaceae	Acinetobacter	Baumannii
otu_00006	Bacteria	Proteobacteria	Gammaproteobacteria	Pseudomonadales	Moraxellaceae	Acinetobacter	Lwoffii
otu_00010	Bacteria	Proteobacteria	Gammaproteobacteria	Pseudomonadales	Moraxellaceae	Acinetobacter	Junii
otu_00011	Bacteria	Proteobacteria	Gammaproteobacteria	Pseudomonadales	Moraxellaceae	Acinetobacter	Soli
otu_00012	Bacteria	Proteobacteria	Gammaproteobacteria	Pseudomonadales	Moraxellaceae	Acinetobacter	Johnsonii
otu_00013	Bacteria	Proteobacteria	Gammaproteobacteria	Pseudomonadales	Moraxellaceae	Acinetobacter	Kyonggiensis
otu_00015	Bacteria	Firmicutes	Bacilli	Lactobacillales	Aerococcaceae	Facklamia	Tabacinasalis
otu_00018	Bacteria	Firmicutes	Bacilli	Lactobacillales	Aerococcaceae	Abiotrophia	Defectiva
otu_00024	Bacteria	Firmicutes	Bacilli	Lactobacillales	Aerococcaceae	Aerococcus	Urinaeequi
otu_00029	Bacteria	Proteobacteria	Gammaproteobacteria	Aeromonadales	Aeromonadaceae	Aeromonas	Eucrenophila
otu_00032	Bacteria	Proteobacteria	Gammaproteobacteria	Aeromonadales	Aeromonadaceae	Aeromonas	Salmonicida
otu_00034	Bacteria	Proteobacteria	Gammaproteobacteria	Aeromonadales	Aeromonadaceae	Aeromonas	Popoffii
otu_00056	Bacteria	Proteobacteria	Epsilonproteobacteria	Campylobacterales	Campylobacteraceae	Arcobacter	Venerupis
otu_00061	Bacteria	Firmicutes	Bacilli	Bacillales	Bacillaceae	Bacillus	Licheniformis
otu_00082	Bacteria	Firmicutes	Bacilli	Bacillales	Bacillaceae	Bacillus	Aerophilus
otu_00085	Bacteria	Firmicutes	Bacilli	Bacillales	Bacillaceae	Bacillus	Cereus
otu_00127	Bacteria	Bacteroidetes	Bacteroidia	Bacteroidales	Prevotellaceae	Prevotella	Heparinolytica
otu_00133	Bacteria	Bacteroidetes	Bacteroidia	Bacteroidales	Bacteroidaceae	Bacteroides	Pyogenes
otu_00145	Bacteria	Actinobacteria	Actinobacteria	Micrococcales	Brevibacteriaceae	Brevibacterium	Casei
otu_00156	Bacteria	Actinobacteria	Actinobacteria	Micrococcales	Brevibacteriaceae	Brevibacterium	Marinum
otu_00160	Bacteria	Actinobacteria	Actinobacteria	Micrococcales	Brevibacteriaceae	Brevibacterium	Antiquum
otu_00162	Bacteria	Firmicutes	Bacilli	Bacillales	Listeriaceae	Brochothrix	Thermosphacta
otu_00165	Bacteria	Proteobacteria	Betaproteobacteria	Burkholderiales	Burkholderiaceae	Chitinimonas	Koreensis
otu_00168	Bacteria	Proteobacteria	Betaproteobacteria	Burkholderiales	Burkholderiaceae	Burkholderia	Cenocepacia
otu_00177	Bacteria	Proteobacteria	Betaproteobacteria	Burkholderiales	Burkholderiaceae	Limnobacter	Thiooxidans
otu_00182	Bacteria	Proteobacteria	Betaproteobacteria	Burkholderiales	Burkholderiaceae	Ralstonia	Pickettii
otu_00186	Bacteria	Firmicutes	Bacilli	Lactobacillales	Carnobacteriaceae	Carnobacterium	Funditum
otu_00188	Bacteria	Firmicutes	Bacilli	Lactobacillales	Carnobacteriaceae	Carnobacterium	Pleistocenium
otu_00189	Bacteria	Firmicutes	Bacilli	Lactobacillales	Carnobacteriaceae	Carnobacterium	Divergens
otu_00191	Bacteria	Firmicutes	Bacilli	Lactobacillales	Carnobacteriaceae	Carnobacterium	Maltaromaticum
otu_00192	Bacteria	Firmicutes	Bacilli	Lactobacillales	Carnobacteriaceae	Carnobacterium	Jeotgali
otu_00193	Bacteria	Firmicutes	Bacilli	Lactobacillales	Carnobacteriaceae	Carnobacterium	Viridans
otu_00194	Bacteria	Firmicutes	Bacilli	Lactobacillales	Carnobacteriaceae	Carnobacterium	Mobile
otu_00195	Bacteria	Firmicutes	Bacilli	Lactobacillales	Carnobacteriaceae	Carnobacterium	Inhibens
otu_00209	Bacteria	Proteobacteria	Alphaproteobacteria	Caulobacterales	Caulobacteraceae	Brevundimonas	Nasdae
otu_00214	Bacteria	Proteobacteria	Alphaproteobacteria	Caulobacterales	Caulobacteraceae	Brevundimonas	Diminuta
otu_00220	Bacteria	Bacteroidetes	Flavobacteria	Flavobacteriales	Flavobacteriaceae	Chryseobacterium	Hominis
otu_00221	Bacteria	Bacteroidetes	Flavobacteria	Flavobacteriales	Flavobacteriaceae	Chryseobacterium	Daeguense
otu_00222	Bacteria	Bacteroidetes	Flavobacteria	Flavobacteriales	Flavobacteriaceae	Chryseobacterium	Indoltheticum
otu_00223	Bacteria	Bacteroidetes	Flavobacteria	Flavobacteriales	Flavobacteriaceae	Chryseobacterium	Scophthalmum
otu_00224	Bacteria	Bacteroidetes	Flavobacteria	Flavobacteriales	Flavobacteriaceae	Chryseobacterium	Aquaticum
otu_00225	Bacteria	Bacteroidetes	Flavobacteria	Flavobacteriales	Flavobacteriaceae	Chryseobacterium	Marinum
otu_00226	Bacteria	Bacteroidetes	Flavobacteria	Flavobacteriales	Flavobacteriaceae	Chryseobacterium	Gleum
otu_00227	Bacteria	Bacteroidetes	Flavobacteria	Flavobacteriales	Flavobacteriaceae	Chryseobacterium	Bovis
otu_00228	Bacteria	Bacteroidetes	Flavobacteria	Flavobacteriales	Flavobacteriaceae	Chryseobacterium	Indologenes
otu_00231	Bacteria	Bacteroidetes	Flavobacteria	Flavobacteriales	Flavobacteriaceae	Chryseobacterium	Jeonii
otu_00232	Bacteria	Bacteroidetes	Flavobacteria	Flavobacteriales	Flavobacteriaceae	Chryseobacterium	Jejuense
otu_00233	Bacteria	Bacteroidetes	Flavobacteria	Flavobacteriales	Flavobacteriaceae	Chryseobacterium	Soli
otu_00238	Bacteria	Bacteroidetes	Flavobacteria	Flavobacteriales	Flavobacteriaceae	Chryseobacterium	Hispanicum
otu_00239	Bacteria	Bacteroidetes	Flavobacteria	Flavobacteriales	Flavobacteriaceae	Chryseobacterium	Piscium
otu_00241	Bacteria	Bacteroidetes	Flavobacteria	Flavobacteriales	Flavobacteriaceae	Chryseobacterium	Caeni
otu_00242	Bacteria	Bacteroidetes	Flavobacteria	Flavobacteriales	Flavobacteriaceae	Chryseobacterium	Vrystaatense
otu_00244	Bacteria	Bacteroidetes	Flavobacteria	Flavobacteriales	Flavobacteriaceae	Chryseobacterium	Haifense
otu_00248	Bacteria	Bacteroidetes	Flavobacteria	Flavobacteriales	Flavobacteriaceae	Chryseobacterium	Antarcticum
otu_00249	Bacteria	Bacteroidetes	Flavobacteria	Flavobacteriales	Flavobacteriaceae	Chryseobacterium	Ureilyticum
otu_00250	Bacteria	Bacteroidetes	Flavobacteria	Flavobacteriales	Flavobacteriaceae	Chryseobacterium	Shigense
otu_00254	Bacteria	Firmicutes	Clostridia	Clostridiales	Clostridiaceae	Clostridium	Nexile
otu_00259	Bacteria	Firmicutes	Clostridia	Clostridiales	Lachnospiraceae	Butyrivibrio	Proteoclasticus
otu_00260	Bacteria	Firmicutes	Clostridia	Clostridiales	Clostridiaceae	Clostridium	Bartlettii
otu_00263	Bacteria	Firmicutes	Clostridia	Clostridiales	Clostridiaceae	Clostridium	Hastiforme
otu_00266	Bacteria	Firmicutes	Clostridia	Clostridiales	Clostridiaceae	Clostridium	Oroticum
otu_00273	Bacteria	Firmicutes	Clostridia	Clostridiales	Clostridiaceae	Clostridium	Bifermentans
otu_00276	Bacteria	Firmicutes	Clostridia	Clostridiales	Clostridiaceae	Proteiniclasticum	Ruminis
otu_00277	Bacteria	Firmicutes	Clostridia	Clostridiales	Lachnospiraceae	Blautia	Wexlerae
otu_00296	Bacteria	Firmicutes	Clostridia	Clostridiales	Clostridiaceae	Clostridium	Putrefaciens
otu_00311	Bacteria	Firmicutes	Clostridia	Clostridiales	Clostridiaceae	Clostridium	Disporicum
otu_00333	Bacteria	Firmicutes	Clostridia	Clostridiales	Veillonellaceae	Succiniclasticum	Ruminis
otu_00343	Bacteria	Firmicutes	Clostridia	Clostridiales	Veillonellaceae	Veillonella	Parvula
otu_00357	Bacteria	Proteobacteria	Betaproteobacteria	Burkholderiales	Comamonadaceae	Pseudorhodoferax	Soli
otu_00358	Bacteria	Proteobacteria	Betaproteobacteria	Burkholderiales	Comamonadaceae	Comamonas	Kerstersii
otu_00359	Bacteria	Proteobacteria	Betaproteobacteria	Burkholderiales	Comamonadaceae	Variovorax	Soli
otu_00360	Bacteria	Proteobacteria	Betaproteobacteria	Burkholderiales	Comamonadaceae	Pelomonas	Saccharophila
otu_00365	Bacteria	Proteobacteria	Betaproteobacteria	Burkholderiales	Comamonadaceae	Curvibacter	Gracilis
otu_00366	Bacteria	Proteobacteria	Betaproteobacteria	Burkholderiales	Comamonadaceae	Comamonas	Testosteroni
otu_00371	Bacteria	Proteobacteria	Betaproteobacteria	Burkholderiales	Comamonadaceae	Schlegelella	Thermodepolymerans
otu_00380	Bacteria	Proteobacteria	Betaproteobacteria	Burkholderiales	Comamonadaceae	Delftia	Acidovorans
otu_00385	Bacteria	Proteobacteria	Betaproteobacteria	Burkholderiales	Comamonadaceae	Diaphorobacter	Nitroreducens
otu_00386	Bacteria	Proteobacteria	Betaproteobacteria	Burkholderiales	Comamonadaceae	Comamonas	Aquatica
otu_00391	Bacteria	Proteobacteria	Betaproteobacteria	Burkholderiales	Comamonadaceae	Polaromonas	Hydrogenivorans
otu_00396	Bacteria	Proteobacteria	Betaproteobacteria	Burkholderiales	Comamonadaceae	Rhodoferax	Ferrireducens
otu_00398	Bacteria	Proteobacteria	Betaproteobacteria	Burkholderiales	Comamonadaceae	Acidovorax	Temperans
otu_00402	Bacteria	Proteobacteria	Betaproteobacteria	Burkholderiales	Comamonadaceae	Comamonas	Koreensis
otu_00403	Bacteria	Proteobacteria	Betaproteobacteria	Burkholderiales	Comamonadaceae	Curvibacter	Lanceolatus
otu_00404	Bacteria	Proteobacteria	Betaproteobacteria	Burkholderiales	Comamonadaceae	Variovorax	Boronicumulans
otu_00411	Bacteria	Proteobacteria	Betaproteobacteria	Burkholderiales	Comamonadaceae	Simplicispira	Psychrophila
otu_00417	Bacteria	Proteobacteria	Betaproteobacteria	Burkholderiales	Comamonadaceae	Acidovorax	Defluvii
otu_00418	Bacteria	Proteobacteria	Betaproteobacteria	Burkholderiales	Comamonadaceae	Limnohabitans	Planktonicus
otu_00422	Bacteria	Actinobacteria	Coriobacteria	Coriobacteriales	Coriobacteriaceae	Olsenella	Umbonata
otu_00429	Bacteria	Actinobacteria	Actinobacteria	Corynebacteriales	Corynebacteriaceae	Corynebacterium	Xerosis
otu_00431	Bacteria	Actinobacteria	Actinobacteria	Corynebacteriales	Corynebacteriaceae	Corynebacterium	Tuberculostearicum
otu_00432	Bacteria	Actinobacteria	Actinobacteria	Corynebacteriales	Corynebacteriaceae	Corynebacterium	Casei
otu_00436	Bacteria	Actinobacteria	Actinobacteria	Corynebacteriales	Corynebacteriaceae	Corynebacterium	Efficiens
otu_00439	Bacteria	Actinobacteria	Actinobacteria	Corynebacteriales	Corynebacteriaceae	Corynebacterium	Kroppenstedtii
otu_00446	Bacteria	Actinobacteria	Actinobacteria	Corynebacteriales	Corynebacteriaceae	Corynebacterium	Simulans
otu_00449	Bacteria	Actinobacteria	Actinobacteria	Corynebacteriales	Corynebacteriaceae	Corynebacterium	Glutamicum
otu_00451	Bacteria	Actinobacteria	Actinobacteria	Corynebacteriales	Corynebacteriaceae	Corynebacterium	Macginleyi
otu_00459	Bacteria	Actinobacteria	Actinobacteria	Corynebacteriales	Corynebacteriaceae	Corynebacterium	Tuscaniense
otu_00462	Bacteria	Actinobacteria	Actinobacteria	Corynebacteriales	Corynebacteriaceae	Corynebacterium	Singulare
otu_00469	Bacteria	Actinobacteria	Actinobacteria	Corynebacteriales	Corynebacteriaceae	Corynebacterium	Testudinoris
otu_00472	Bacteria	Actinobacteria	Actinobacteria	Corynebacteriales	Corynebacteriaceae	Corynebacterium	Variabile
otu_00478	Bacteria	Actinobacteria	Actinobacteria	Corynebacteriales	Corynebacteriaceae	Corynebacterium	Propinquum
otu_00479	Bacteria	Actinobacteria	Actinobacteria	Corynebacteriales	Corynebacteriaceae	Corynebacterium	Afermentans
otu_00480	Bacteria	Actinobacteria	Actinobacteria	Corynebacteriales	Corynebacteriaceae	Corynebacterium	Callunae
otu_00482	Bacteria	Actinobacteria	Actinobacteria	Corynebacteriales	Corynebacteriaceae	Corynebacterium	Ammoniagenes
otu_00483	Bacteria	Actinobacteria	Actinobacteria	Corynebacteriales	Corynebacteriaceae	Corynebacterium	Accolens
otu_00485	Bacteria	Actinobacteria	Actinobacteria	Corynebacteriales	Corynebacteriaceae	Corynebacterium	Jeikeium
otu_00513	Bacteria	Bacteroidetes	Flavobacteria	Flavobacteriales	Flavobacteriaceae	Empedobacter	Brevis
otu_00516	Bacteria	Bacteroidetes	Flavobacteria	Flavobacteriales	Flavobacteriaceae	Empedobacter	NA
otu_00517	Bacteria	Bacteroidetes	Flavobacteria	Flavobacteriales	Flavobacteriaceae	Empedobacter	NA
otu_00519	Bacteria	Bacteroidetes	Flavobacteria	Flavobacteriales	Flavobacteriaceae	Wautersiella	Falsenii
otu_00520	Bacteria	Proteobacteria	Gammaproteobacteria	Enterobacteriales	Enterobacteriaceae	Raoultella	Ornithinolytica
otu_00521	Bacteria	Proteobacteria	Gammaproteobacteria	Enterobacteriales	Enterobacteriaceae	Morganella	Morganii
otu_00526	Bacteria	Proteobacteria	Gammaproteobacteria	Enterobacteriales	Enterobacteriaceae	Proteus	Mirabilis
otu_00527	Bacteria	Proteobacteria	Gammaproteobacteria	Enterobacteriales	Enterobacteriaceae	Morganella	Psychrotolerans
otu_00545	Bacteria	Proteobacteria	Gammaproteobacteria	Enterobacteriales	Enterobacteriaceae	Yersinia	Intermedia
otu_00555	Bacteria	Proteobacteria	Gammaproteobacteria	Enterobacteriales	Enterobacteriaceae	Hafnia-Obesumbacterium	Alveii
otu_00566	Bacteria	Proteobacteria	Gammaproteobacteria	Enterobacteriales	Enterobacteriaceae	Serratia	Liquefaciens
otu_00568	Bacteria	Proteobacteria	Gammaproteobacteria	Enterobacteriales	Enterobacteriaceae	Serratia	Fonticola
otu_00569	Bacteria	Proteobacteria	Gammaproteobacteria	Enterobacteriales	Enterobacteriaceae	Serratia	Proteamaculans
otu_00572	Bacteria	Firmicutes	Bacilli	Lactobacillales	Enterococcaceae	Enterococcus	Aquimarinus
otu_00574	Bacteria	Firmicutes	Bacilli	Lactobacillales	Enterococcaceae	Enterococcus	Faecalis
otu_00577	Bacteria	Firmicutes	Bacilli	Lactobacillales	Enterococcaceae	Enterococcus	Cecorum
otu_00581	Bacteria	Firmicutes	Bacilli	Lactobacillales	Enterococcaceae	Enterococcus	Faecium
otu_00582	Bacteria	Firmicutes	Bacilli	Lactobacillales	Enterococcaceae	Enterococcus	Mundtii
otu_00583	Bacteria	Firmicutes	Bacilli	Lactobacillales	Enterococcaceae	Enterococcus	Termitis
otu_00585	Bacteria	Firmicutes	Bacilli	Lactobacillales	Enterococcaceae	Enterococcus	Avium
otu_00586	Bacteria	Firmicutes	Bacilli	Lactobacillales	Enterococcaceae	Enterococcus	Phoeniculicola
otu_00588	Bacteria	Firmicutes	Bacilli	Lactobacillales	Enterococcaceae	Enterococcus	Devriesei
otu_00589	Bacteria	Firmicutes	Bacilli	Lactobacillales	Enterococcaceae	Enterococcus	Hermanniensis
otu_00591	Bacteria	Firmicutes	Bacilli	Lactobacillales	Enterococcaceae	Enterococcus	Ratti
otu_00593	Bacteria	Firmicutes	Erysipelotrichi	Erysipelotrichales	Erysipelotrichaceae	Turicibacter	Sanguinis
otu_00595	Bacteria	Firmicutes	Erysipelotrichi	Erysipelotrichales	Erysipelotrichaceae	Erysipelothrix	Tonsillarum
otu_00596	Bacteria	Firmicutes	Erysipelotrichi	Erysipelotrichales	Erysipelotrichaceae	Sharpea	Azabuensis
otu_00599	Bacteria	Firmicutes	Clostridia	Clostridiales	Eubacteriaceae	Eubacterium	Cylindroides
otu_00601	Bacteria	Firmicutes	Bacilli	Bacillales	Family XII Incertae Sedis	Exiguobacterium	Oxidotolerans
otu_00602	Bacteria	Firmicutes	Bacilli	Bacillales	Family XII Incertae Sedis	Exiguobacterium	Aestuarii
otu_00604	Bacteria	Firmicutes	Bacilli	Bacillales	Family XII Incertae Sedis	Exiguobacterium	Sibiricum
otu_00605	Bacteria	Firmicutes	Bacilli	Bacillales	Family XII Incertae Sedis	Exiguobacterium	Undae
otu_00607	Bacteria	Firmicutes	Bacilli	Bacillales	Family XII Incertae Sedis	Exiguobacterium	Indicum
otu_00608	Bacteria	Firmicutes	Bacilli	Bacillales	Family XII Incertae Sedis	Exiguobacterium	Acetylicum
otu_00618	Bacteria	Bacteroidetes	Flavobacteria	Flavobacteriales	Flavobacteriaceae	Epilithonimonas	Tenax
otu_00624	Bacteria	Bacteroidetes	Flavobacteria	Flavobacteriales	Flavobacteriaceae	Cloacibacterium	Rupense
otu_00632	Bacteria	Bacteroidetes	Flavobacteria	Flavobacteriales	Flavobacteriaceae	Robiginitalea	Biformata
otu_00634	Bacteria	Bacteroidetes	Flavobacteria	Flavobacteriales	Flavobacteriaceae	Myroides	Marinus
otu_00654	Bacteria	Bacteroidetes	Flavobacteria	Flavobacteriales	Flavobacteriaceae	Riemerella	Anatipestifer
otu_00656	Bacteria	Bacteroidetes	Flavobacteria	Flavobacteriales	Flavobacteriaceae	Soonwooa	Buanensis
otu_00662	Bacteria	Bacteroidetes	Flavobacteria	Flavobacteriales	Flavobacteriaceae	Myroides	Odoratimimus
otu_00663	Bacteria	Bacteroidetes	Flavobacteria	Flavobacteriales	Flavobacteriaceae	Planobacterium	Taklimakanense
otu_00664	Bacteria	Bacteroidetes	Flavobacteria	Flavobacteriales	Flavobacteriaceae	Epilithonimonas	Lactis
otu_00666	Bacteria	Bacteroidetes	Flavobacteria	Flavobacteriales	Flavobacteriaceae	Myroides	Phaeus
otu_00667	Bacteria	Bacteroidetes	Flavobacteria	Flavobacteriales	Flavobacteriaceae	Flavobacterium	Granuli
otu_00670	Bacteria	Bacteroidetes	Flavobacteria	Flavobacteriales	Flavobacteriaceae	Flavobacterium	Tegetincola
otu_00672	Bacteria	Bacteroidetes	Flavobacteria	Flavobacteriales	Flavobacteriaceae	Flavobacterium	Hercynium
otu_00673	Bacteria	Bacteroidetes	Flavobacteria	Flavobacteriales	Flavobacteriaceae	Flavobacterium	Saccharophilum
otu_00675	Bacteria	Bacteroidetes	Flavobacteria	Flavobacteriales	Flavobacteriaceae	Flavobacterium	Omnivorum
otu_00676	Bacteria	Bacteroidetes	Flavobacteria	Flavobacteriales	Flavobacteriaceae	Flavobacterium	Sasangense
otu_00678	Bacteria	Bacteroidetes	Flavobacteria	Flavobacteriales	Flavobacteriaceae	Flavobacterium	Terrae
otu_00679	Bacteria	Bacteroidetes	Flavobacteria	Flavobacteriales	Flavobacteriaceae	Flavobacterium	Succinicans
otu_00680	Bacteria	Bacteroidetes	Flavobacteria	Flavobacteriales	Flavobacteriaceae	Flavobacterium	Johnsoniae
otu_00682	Bacteria	Bacteroidetes	Flavobacteria	Flavobacteriales	Flavobacteriaceae	Flavobacterium	Glaciei
otu_00683	Bacteria	Bacteroidetes	Flavobacteria	Flavobacteriales	Flavobacteriaceae	Flavobacterium	Segetis
otu_00685	Bacteria	Bacteroidetes	Flavobacteria	Flavobacteriales	Flavobacteriaceae	Flavobacterium	Psychrolimnae
otu_00687	Bacteria	Bacteroidetes	Flavobacteria	Flavobacteriales	Flavobacteriaceae	Flavobacterium	Weaverense
otu_00688	Bacteria	Bacteroidetes	Flavobacteria	Flavobacteriales	Flavobacteriaceae	Flavobacterium	Degerlachei
otu_00689	Bacteria	Bacteroidetes	Flavobacteria	Flavobacteriales	Flavobacteriaceae	Flavobacterium	Antarcticum
otu_00690	Bacteria	Bacteroidetes	Flavobacteria	Flavobacteriales	Flavobacteriaceae	Flavobacterium	Frigidarium
otu_00693	Bacteria	Bacteroidetes	Flavobacteria	Flavobacteriales	Flavobacteriaceae	Flavobacterium	Cheniae
otu_00694	Bacteria	Bacteroidetes	Flavobacteria	Flavobacteriales	Flavobacteriaceae	Flavobacterium	Hibernum
otu_00695	Bacteria	Bacteroidetes	Flavobacteria	Flavobacteriales	Flavobacteriaceae	Flavobacterium	Terrigena
otu_00698	Bacteria	Bacteroidetes	Flavobacteria	Flavobacteriales	Flavobacteriaceae	Flavobacterium	Suncheonense
otu_00701	Bacteria	Bacteroidetes	Flavobacteria	Flavobacteriales	Flavobacteriaceae	Flavobacterium	Soli
otu_00705	Bacteria	Bacteroidetes	Flavobacteria	Flavobacteriales	Flavobacteriaceae	Flavobacterium	Xinjiangense
otu_00713	Bacteria	Firmicutes	Bacilli	Bacillales	Bacillaceae	Geobacillus	Debilis
otu_00720	Bacteria	Proteobacteria	Betaproteobacteria	Hydrogenophilales	Hydrogenophilaceae	Hydrogenophilus	Hirschii
otu_00721	Bacteria	Firmicutes	Bacilli	Bacillales	Planococcaceae	Kurthia	Gibsonii
otu_00722	Bacteria	Firmicutes	Bacilli	Bacillales	Planococcaceae	Kurthia	Zopfii
otu_00724	Bacteria	Firmicutes	Bacilli	Lactobacillales	Lactobacillaceae	Lactobacillus	Paracasei
otu_00730	Bacteria	Firmicutes	Bacilli	Lactobacillales	Lactobacillaceae	Lactobacillus	Crispatus
otu_00732	Bacteria	Firmicutes	Bacilli	Lactobacillales	Lactobacillaceae	Lactobacillus	Animalis
otu_00736	Bacteria	Firmicutes	Bacilli	Lactobacillales	Lactobacillaceae	Lactobacillus	Ingluviei
otu_00738	Bacteria	Firmicutes	Bacilli	Lactobacillales	Lactobacillaceae	Lactobacillus	Fuchuensis
otu_00740	Bacteria	Firmicutes	Bacilli	Lactobacillales	Lactobacillaceae	Lactobacillus	Kimchii
otu_00745	Bacteria	Firmicutes	Bacilli	Lactobacillales	Lactobacillaceae	Lactobacillus	Algidus
otu_00753	Bacteria	Firmicutes	Bacilli	Lactobacillales	Lactobacillaceae	Lactobacillus	Oligofermentans
otu_00768	Bacteria	Firmicutes	Bacilli	Lactobacillales	Lactobacillaceae	Lactobacillus	Brevis
otu_00769	Bacteria	Firmicutes	Bacilli	Lactobacillales	Lactobacillaceae	Lactobacillus	Sakei
otu_00770	Bacteria	Firmicutes	Bacilli	Lactobacillales	Lactobacillaceae	Lactobacillus	Bobalius
otu_00775	Bacteria	Firmicutes	Bacilli	Lactobacillales	Lactobacillaceae	Lactobacillus	Amylovorus
otu_00776	Bacteria	Firmicutes	Bacilli	Lactobacillales	Lactobacillaceae	Lactobacillus	Helveticus
otu_00779	Bacteria	Firmicutes	Bacilli	Lactobacillales	Lactobacillaceae	Lactobacillus	Plantarum
otu_00781	Bacteria	Firmicutes	Bacilli	Lactobacillales	Lactobacillaceae	Lactobacillus	Delbrueckii
otu_00783	Bacteria	Firmicutes	Bacilli	Lactobacillales	Lactobacillaceae	Lactobacillus	Farciminis
otu_00786	Bacteria	Firmicutes	Bacilli	Lactobacillales	Lactobacillaceae	Lactobacillus	Curvatus
otu_00789	Bacteria	Firmicutes	Bacilli	Lactobacillales	Lactobacillaceae	Lactobacillus	Salivarius
otu_00791	Bacteria	Firmicutes	Bacilli	Lactobacillales	Lactobacillaceae	Lactobacillus	Malefermentans
otu_00794	Bacteria	Firmicutes	Bacilli	Lactobacillales	Streptococcaceae	Lactococcus	Piscium
otu_00795	Bacteria	Firmicutes	Bacilli	Lactobacillales	Streptococcaceae	Lactococcus	Lactis
otu_00796	Bacteria	Firmicutes	Bacilli	Lactobacillales	Streptococcaceae	Lactococcus	Raffinolactis
otu_00797	Bacteria	Firmicutes	Bacilli	Lactobacillales	Streptococcaceae	Lactococcus	Chungangensis
otu_00799	Bacteria	Firmicutes	Bacilli	Lactobacillales	Streptococcaceae	Lactococcus	Garvieae
otu_00820	Bacteria	Firmicutes	Bacilli	Lactobacillales	Leuconostocaceae	Leuconostoc	Citreum
otu_00821	Bacteria	Firmicutes	Bacilli	Lactobacillales	Leuconostocaceae	Leuconostoc	Gelidum
otu_00823	Bacteria	Firmicutes	Bacilli	Lactobacillales	Leuconostocaceae	Leuconostoc	Mesenteroides
otu_00824	Bacteria	Firmicutes	Bacilli	Lactobacillales	Leuconostocaceae	Leuconostoc	Gasicomitatum
otu_00825	Bacteria	Firmicutes	Bacilli	Lactobacillales	Leuconostocaceae	Leuconostoc	Lactis
otu_00826	Bacteria	Firmicutes	Bacilli	Lactobacillales	Leuconostocaceae	Leuconostoc	Kimchii
otu_00828	Bacteria	Firmicutes	Bacilli	Lactobacillales	Leuconostocaceae	Leuconostoc	Carnosum
otu_00833	Bacteria	Firmicutes	Bacilli	Bacillales	Listeriaceae	Listeria	Monocytogenes
otu_00838	Bacteria	Firmicutes	Bacilli	Bacillales	Staphylococcaceae	Macrococcus	Caseolyticus
otu_00857	Bacteria	Actinobacteria	Actinobacteria	Micrococcales	Microbacteriaceae	Microbacterium	Maritypicum
otu_00865	Bacteria	Actinobacteria	Actinobacteria	Micrococcales	Microbacteriaceae	Microbacterium	Lacticum
otu_00870	Bacteria	Actinobacteria	Actinobacteria	Micrococcales	Microbacteriaceae	Leucobacter	Chromiireducens
otu_00875	Bacteria	Actinobacteria	Actinobacteria	Micrococcales	Microbacteriaceae	Leucobacter	Aridicollis
otu_00876	Bacteria	Actinobacteria	Actinobacteria	Micrococcales	Microbacteriaceae	Frigoribacterium	Faeni
otu_00903	Bacteria	Actinobacteria	Actinobacteria	Micrococcales	Microbacteriaceae	Pseudoclavibacter	Helvolus
otu_00917	Bacteria	Actinobacteria	Actinobacteria	Micrococcales	Microbacteriaceae	Leucobacter	Iarius
otu_00919	Bacteria	Actinobacteria	Actinobacteria	Micrococcales	Microbacteriaceae	Microbacterium	Paraoxydans
otu_00935	Bacteria	Actinobacteria	Actinobacteria	Micrococcales	Microbacteriaceae	Microbacterium	Phyllosphaerae
otu_00937	Bacteria	Actinobacteria	Actinobacteria	Micrococcales	Micrococcaceae	Rothia	Nasimurium
otu_00941	Bacteria	Actinobacteria	Actinobacteria	Micrococcales	Micrococcaceae	Arthrobacter	Psychrochitiniphilus
otu_00952	Bacteria	Actinobacteria	Actinobacteria	Micrococcales	Micrococcaceae	Micrococcus	Terreus
otu_00954	Bacteria	Actinobacteria	Actinobacteria	Micrococcales	Micrococcaceae	Kocuria	Palustris
otu_00960	Bacteria	Actinobacteria	Actinobacteria	Micrococcales	Micrococcaceae	Micrococcus	Flavus
otu_00964	Bacteria	Actinobacteria	Actinobacteria	Micrococcales	Micrococcaceae	Kocuria	Salsicia
otu_00966	Bacteria	Actinobacteria	Actinobacteria	Micrococcales	Micrococcaceae	Arthrobacter	Kerguelensis
otu_00969	Bacteria	Actinobacteria	Actinobacteria	Micrococcales	Micrococcaceae	Rothia	Amarae
otu_00971	Bacteria	Actinobacteria	Actinobacteria	Micrococcales	Micrococcaceae	Arthrobacter	Alpinus
otu_00973	Bacteria	Actinobacteria	Actinobacteria	Micrococcales	Micrococcaceae	Arthrobacter	Nicotinovorans
otu_00978	Bacteria	Actinobacteria	Actinobacteria	Micrococcales	Micrococcaceae	Arthrobacter	Ardleyensis
otu_00982	Bacteria	Actinobacteria	Actinobacteria	Micrococcales	Micrococcaceae	Rothia	Mucilaginosa
otu_00984	Bacteria	Actinobacteria	Actinobacteria	Micrococcales	Micrococcaceae	Kocuria	Carniphila
otu_00985	Bacteria	Actinobacteria	Actinobacteria	Micrococcales	Micrococcaceae	Rothia	Dentocariosa
otu_00988	Bacteria	Actinobacteria	Actinobacteria	Micrococcales	Micrococcaceae	Arthrobacter	Tumbae
otu_00989	Bacteria	Actinobacteria	Actinobacteria	Micrococcales	Micrococcaceae	Arthrobacter	Protophormiae
otu_00990	Bacteria	Actinobacteria	Actinobacteria	Micrococcales	Micrococcaceae	Arthrobacter	Antarcticus
otu_00994	Bacteria	Actinobacteria	Actinobacteria	Micrococcales	Micrococcaceae	Arthrobacter	Psychrolactophilus
otu_00999	Bacteria	Actinobacteria	Actinobacteria	Micrococcales	Micrococcaceae	Arthrobacter	Cryotolerans
otu_01005	Bacteria	Actinobacteria	Actinobacteria	Micrococcales	Micrococcaceae	Micrococcus	Luteus
otu_01015	Bacteria	Proteobacteria	Betaproteobacteria	Neisseriales	Neisseriaceae	Uruburuella	Suis
otu_01025	Bacteria	Proteobacteria	Betaproteobacteria	Neisseriales	Neisseriaceae	Neisseria	Subflava
otu_01034	Bacteria	Proteobacteria	Betaproteobacteria	Burkholderiales	Oxalobacteraceae	Janthinobacterium	NA
otu_01039	Bacteria	Proteobacteria	Betaproteobacteria	Burkholderiales	Oxalobacteraceae	Janthinobacterium	Agaricidamnosum
otu_01040	Bacteria	Proteobacteria	Betaproteobacteria	Burkholderiales	Oxalobacteraceae	Janthinobacterium	Lividum
otu_01041	Bacteria	Proteobacteria	Betaproteobacteria	Burkholderiales	Oxalobacteraceae	Massilia	Aurea
otu_01043	Bacteria	Proteobacteria	Betaproteobacteria	Burkholderiales	Oxalobacteraceae	Massilia	Timonae
otu_01045	Bacteria	Proteobacteria	Betaproteobacteria	Burkholderiales	Oxalobacteraceae	Massilia	Brevitalea
otu_01075	Bacteria	Proteobacteria	Alphaproteobacteria	Rhodobacterales	Rhodobacteraceae	Paracoccus	Aminovorans
otu_01079	Bacteria	Proteobacteria	Alphaproteobacteria	Rhodobacterales	Rhodobacteraceae	Paracoccus	Versutus
otu_01080	Bacteria	Proteobacteria	Alphaproteobacteria	Rhodobacterales	Rhodobacteraceae	Paracoccus	Yeei
otu_01082	Bacteria	Proteobacteria	Alphaproteobacteria	Rhodobacterales	Rhodobacteraceae	Paracoccus	Marinus
otu_01083	Bacteria	Proteobacteria	Alphaproteobacteria	Rhodobacterales	Rhodobacteraceae	Paracoccus	Carotinifaciens
otu_01084	Bacteria	Proteobacteria	Alphaproteobacteria	Rhodobacterales	Rhodobacteraceae	Paracoccus	Koreensis
otu_01085	Bacteria	Proteobacteria	Alphaproteobacteria	Rhodobacterales	Rhodobacteraceae	Paracoccus	Thiocyanatus
otu_01086	Bacteria	Proteobacteria	Alphaproteobacteria	Rhodobacterales	Rhodobacteraceae	Paracoccus	Sulfuroxidans
otu_01087	Bacteria	Proteobacteria	Alphaproteobacteria	Rhodobacterales	Rhodobacteraceae	Paracoccus	Alcaliphilus
otu_01088	Bacteria	Proteobacteria	Alphaproteobacteria	Rhodobacterales	Rhodobacteraceae	Paracoccus	Aminophilus
otu_01091	Bacteria	Proteobacteria	Gammaproteobacteria	Vibrionales	Vibrionaceae	Photobacterium	Frigidiphilum
otu_01093	Bacteria	Proteobacteria	Gammaproteobacteria	Vibrionales	Vibrionaceae	Photobacterium	Rosenbergii
otu_01094	Bacteria	Proteobacteria	Gammaproteobacteria	Vibrionales	Vibrionaceae	Photobacterium	Angustum
otu_01095	Bacteria	Proteobacteria	Gammaproteobacteria	Vibrionales	Vibrionaceae	Photobacterium	Profundum
otu_01097	Bacteria	Proteobacteria	Gammaproteobacteria	Vibrionales	Vibrionaceae	Photobacterium	Aquimaris
otu_01098	Bacteria	Proteobacteria	Gammaproteobacteria	Vibrionales	Vibrionaceae	Photobacterium	Kishitanii
otu_01100	Bacteria	Proteobacteria	Gammaproteobacteria	Vibrionales	Vibrionaceae	Photobacterium	Lipolyticum
otu_01101	Bacteria	Proteobacteria	Gammaproteobacteria	Vibrionales	Vibrionaceae	Photobacterium	Phosphoreum
otu_01119	Bacteria	Bacteroidetes	Bacteroidia	Bacteroidales	Porphyromonadaceae	Porphyromonas	Catoniae
otu_01148	Bacteria	Bacteroidetes	Bacteroidia	Bacteroidales	Prevotellaceae	Prevotella	Melaninogenica
otu_01152	Bacteria	Actinobacteria	Actinobacteria	Propionibacteriales	Propionibacteriaceae	Propionibacterium	Acnes
otu_01153	Bacteria	Actinobacteria	Actinobacteria	Propionibacteriales	Propionibacteriaceae	Propionibacterium	Granulosum
otu_01157	Bacteria	Actinobacteria	Actinobacteria	Propionibacteriales	Propionibacteriaceae	Propionibacterium	Freudenreichii
otu_01160	Bacteria	Proteobacteria	Gammaproteobacteria	Alteromonadales	Pseudoalteromonadaceae	Pseudoalteromonas	Arctica
otu_01168	Bacteria	Proteobacteria	Gammaproteobacteria	Pseudomonadales	Pseudomonadaceae	Pseudomonas	Frederikbergensis
otu_01169	Bacteria	Proteobacteria	Gammaproteobacteria	Pseudomonadales	Pseudomonadaceae	Pseudomonas	Panacis
otu_01175	Bacteria	Proteobacteria	Gammaproteobacteria	Pseudomonadales	Pseudomonadaceae	Pseudomonas	Taetrolens
otu_01177	Bacteria	Proteobacteria	Gammaproteobacteria	Pseudomonadales	Pseudomonadaceae	Pseudomonas	Salomonii
otu_01182	Bacteria	Proteobacteria	Gammaproteobacteria	Pseudomonadales	Pseudomonadaceae	Pseudomonas	Cedrina
otu_01184	Bacteria	Proteobacteria	Gammaproteobacteria	Pseudomonadales	Pseudomonadaceae	Pseudomonas	Arsenicoxydans
otu_01187	Bacteria	Proteobacteria	Gammaproteobacteria	Pseudomonadales	Pseudomonadaceae	Pseudomonas	Syringae
otu_01192	Bacteria	Proteobacteria	Gammaproteobacteria	Pseudomonadales	Pseudomonadaceae	Pseudomonas	Agarici
otu_01203	Bacteria	Proteobacteria	Gammaproteobacteria	Pseudomonadales	Pseudomonadaceae	Pseudomonas	Fluorescens
otu_01204	Bacteria	Proteobacteria	Gammaproteobacteria	Pseudomonadales	Pseudomonadaceae	Pseudomonas	Fragi
otu_01205	Bacteria	Proteobacteria	Gammaproteobacteria	Pseudomonadales	Pseudomonadaceae	Pseudomonas	Deceptionensis
otu_01208	Bacteria	Proteobacteria	Gammaproteobacteria	Pseudomonadales	Moraxellaceae	Psychrobacter	Faecalis
otu_01209	Bacteria	Proteobacteria	Gammaproteobacteria	Pseudomonadales	Moraxellaceae	Psychrobacter	Nivimaris
otu_01210	Bacteria	Proteobacteria	Gammaproteobacteria	Pseudomonadales	Moraxellaceae	Psychrobacter	Urativorans
otu_01213	Bacteria	Proteobacteria	Gammaproteobacteria	Pseudomonadales	Moraxellaceae	Psychrobacter	Maritimus
otu_01221	Bacteria	Proteobacteria	Gammaproteobacteria	Pseudomonadales	Moraxellaceae	Psychrobacter	Glacincola
otu_01222	Bacteria	Proteobacteria	Alphaproteobacteria	Rhizobiales	Bradyrhizobiaceae	Afipia	Broomeae
otu_01226	Bacteria	Proteobacteria	Alphaproteobacteria	Rhizobiales	Brucellaceae	Pseudochrobactrum	Asaccharolyticum
otu_01231	Bacteria	Proteobacteria	Alphaproteobacteria	Rhizobiales	Xanthobacteraceae	Xanthobacter	Flavus
otu_01257	Bacteria	Proteobacteria	Alphaproteobacteria	Rhizobiales	Methylobacteriaceae	Methylobacterium	Fujisawaense
otu_01264	Bacteria	Proteobacteria	Alphaproteobacteria	Rhizobiales	Brucellaceae	Ochrobactrum	Rhizosphaerae
otu_01275	Bacteria	Proteobacteria	Alphaproteobacteria	Rhizobiales	Brucellaceae	Brucella	Microti
otu_01293	Bacteria	Proteobacteria	Alphaproteobacteria	Rhizobiales	Methylobacteriaceae	Methylobacterium	Zatmanii
otu_01330	Bacteria	Proteobacteria	Alphaproteobacteria	Rhizobiales	Rhizobiaceae	Rhizobium	Fluminensis
otu_01334	Bacteria	Proteobacteria	Alphaproteobacteria	Rhizobiales	Methylocystaceae	Pleomorphomonas	Oryzae
otu_01336	Bacteria	Proteobacteria	Alphaproteobacteria	Rhizobiales	Rhizobiaceae	Rhizobium	Daejeonense
otu_01342	Bacteria	Proteobacteria	Alphaproteobacteria	Rhizobiales	Rhizobiaceae	Rhizobium	Rosettiformans
otu_01357	Bacteria	Proteobacteria	Alphaproteobacteria	Rhodospirillales	Acetobacteraceae	Acidocella	Facilis
otu_01374	Bacteria	Proteobacteria	Alphaproteobacteria	Rhodospirillales	Acetobacteraceae	Roseomonas	Mucosa
otu_01386	Bacteria	Proteobacteria	Gammaproteobacteria	Xanthomonadales	Xanthomonadaceae	Dyella	Ginsengisoli
otu_01393	Bacteria	Proteobacteria	Gammaproteobacteria	Xanthomonadales	Xanthomonadaceae	Stenotrophomonas	Nitritireducens
otu_01407	Bacteria	Proteobacteria	Gammaproteobacteria	Xanthomonadales	Xanthomonadaceae	Stenotrophomonas	Humi
otu_01408	Bacteria	Proteobacteria	Gammaproteobacteria	Xanthomonadales	Xanthomonadaceae	Fulvimonas	Soli
otu_01409	Bacteria	Proteobacteria	Gammaproteobacteria	Xanthomonadales	Xanthomonadaceae	Lysobacter	Antibioticus
otu_01420	Bacteria	Proteobacteria	Gammaproteobacteria	Xanthomonadales	Xanthomonadaceae	Rhodanobacter	Lindaniclasticus
otu_01430	Bacteria	Proteobacteria	Gammaproteobacteria	Xanthomonadales	Xanthomonadaceae	Rhodanobacter	Spathiphylli
otu_01432	Bacteria	Proteobacteria	Gammaproteobacteria	Pseudomonadales	Pseudomonadaceae	Pseudomonas	Boreopolis
otu_01439	Bacteria	Proteobacteria	Gammaproteobacteria	Xanthomonadales	Xanthomonadaceae	Stenotrophomonas	Maltophilia
otu_01444	Bacteria	Proteobacteria	Gammaproteobacteria	Xanthomonadales	Xanthomonadaceae	Stenotrophomonas	Rhizophila
otu_01447	Bacteria	Proteobacteria	Gammaproteobacteria	Alteromonadales	Shewanellaceae	Shewanella	Putrefaciens
otu_01448	Bacteria	Proteobacteria	Gammaproteobacteria	Alteromonadales	Shewanellaceae	Shewanella	Vesiculosa
otu_01450	Bacteria	Proteobacteria	Gammaproteobacteria	Alteromonadales	Shewanellaceae	Shewanella	Morhuae
otu_01451	Bacteria	Proteobacteria	Gammaproteobacteria	Alteromonadales	Shewanellaceae	Shewanella	Baltica
otu_01461	Bacteria	Proteobacteria	Gammaproteobacteria	Alteromonadales	Shewanellaceae	Shewanella	Frigidimarina
otu_01462	Bacteria	Bacteroidetes	Sphingobacteria	Sphingobacteriales	Sphingobacteriaceae	Sphingobacterium	Multivorum
otu_01466	Bacteria	Bacteroidetes	Sphingobacteria	Sphingobacteriales	Sphingobacteriaceae	Sphingobacterium	Composti
otu_01474	Bacteria	Bacteroidetes	Sphingobacteria	Sphingobacteriales	Sphingobacteriaceae	Sphingobacterium	Anhuiense
otu_01478	Bacteria	Bacteroidetes	Sphingobacteria	Sphingobacteriales	Sphingobacteriaceae	Pedobacter	Heparinus
otu_01487	Bacteria	Bacteroidetes	Sphingobacteria	Sphingobacteriales	Sphingobacteriaceae	Sphingobacterium	Faecium
otu_01495	Bacteria	Bacteroidetes	Flavobacteria	Flavobacteriales	Flavobacteriaceae	Flavobacterium	Mizutaii
otu_01515	Bacteria	Proteobacteria	Alphaproteobacteria	Sphingomonadales	Sphingomonadaceae	Sphingomonas	Aestuarii
otu_01528	Bacteria	Proteobacteria	Alphaproteobacteria	Sphingomonadales	Sphingomonadaceae	Sphingomonas	Paucimobilis
otu_01537	Bacteria	Proteobacteria	Alphaproteobacteria	Sphingomonadales	Sphingomonadaceae	Sphingobium	Ummariense
otu_01545	Bacteria	Firmicutes	Bacilli	Bacillales	Staphylococcaceae	Staphylococcus	Aureus
otu_01546	Bacteria	Firmicutes	Bacilli	Bacillales	Staphylococcaceae	Staphylococcus	Epidermidis
otu_01547	Bacteria	Firmicutes	Bacilli	Bacillales	Staphylococcaceae	Staphylococcus	Lugdunensis
otu_01548	Bacteria	Firmicutes	Bacilli	Bacillales	Staphylococcaceae	Staphylococcus	Haemolyticus
otu_01549	Bacteria	Firmicutes	Bacilli	Bacillales	Staphylococcaceae	Staphylococcus	Saprophyticus
otu_01550	Bacteria	Firmicutes	Bacilli	Bacillales	Staphylococcaceae	Staphylococcus	Warneri
otu_01556	Bacteria	Firmicutes	Bacilli	Bacillales	Staphylococcaceae	Staphylococcus	Cohnii
otu_01559	Bacteria	Firmicutes	Bacilli	Bacillales	Staphylococcaceae	Staphylococcus	Lentus
otu_01571	Bacteria	Firmicutes	Bacilli	Lactobacillales	Streptococcaceae	Streptococcus	Pneumoniae
otu_01572	Bacteria	Firmicutes	Bacilli	Lactobacillales	Streptococcaceae	Streptococcus	Alactolyticus
otu_01574	Bacteria	Firmicutes	Bacilli	Lactobacillales	Streptococcaceae	Streptococcus	Cristatus
otu_01576	Bacteria	Firmicutes	Bacilli	Lactobacillales	Streptococcaceae	Streptococcus	Dysgalactiae
otu_01579	Bacteria	Firmicutes	Bacilli	Lactobacillales	Streptococcaceae	Streptococcus	Salivarius
otu_01581	Bacteria	Firmicutes	Bacilli	Lactobacillales	Streptococcaceae	Streptococcus	Infantis
otu_01582	Bacteria	Firmicutes	Bacilli	Lactobacillales	Streptococcaceae	Streptococcus	Gallolyticus
otu_01593	Bacteria	Firmicutes	Bacilli	Lactobacillales	Streptococcaceae	Streptococcus	Sanguinis
otu_01594	Bacteria	Firmicutes	Bacilli	Lactobacillales	Streptococcaceae	Streptococcus	Infantarius
otu_01597	Bacteria	Firmicutes	Bacilli	Lactobacillales	Streptococcaceae	Streptococcus	Oralis
otu_01603	Bacteria	Firmicutes	Bacilli	Lactobacillales	Streptococcaceae	Streptococcus	Parauberis
otu_01604	Bacteria	Firmicutes	Bacilli	Lactobacillales	Streptococcaceae	Streptococcus	Mitis
otu_01609	Bacteria	Firmicutes	Bacilli	Lactobacillales	Enterococcaceae	Vagococcus	Lutrae
otu_01610	Bacteria	Firmicutes	Bacilli	Lactobacillales	Enterococcaceae	Vagococcus	Salmoninarum
otu_01611	Bacteria	Firmicutes	Bacilli	Lactobacillales	Enterococcaceae	Vagococcus	Fessus
otu_01612	Bacteria	Firmicutes	Bacilli	Lactobacillales	Enterococcaceae	Vagococcus	Carniphilus
otu_01613	Bacteria	Firmicutes	Bacilli	Lactobacillales	Enterococcaceae	Vagococcus	Fluvialis
otu_01626	Bacteria	Proteobacteria	Gammaproteobacteria	Vibrionales	Vibrionaceae	Vibrio	Litoralis
otu_01630	Bacteria	Proteobacteria	Gammaproteobacteria	Vibrionales	Vibrionaceae	Vibrio	Ordalii
otu_01633	Bacteria	Firmicutes	Bacilli	Lactobacillales	Leuconostocaceae	Weissella	Confusa
otu_01635	Bacteria	Firmicutes	Bacilli	Lactobacillales	Leuconostocaceae	Weissella	Viridescens
otu_01638	Bacteria	Firmicutes	Bacilli	Lactobacillales	Leuconostocaceae	Weissella	Cibaria
otu_01641	Bacteria	Firmicutes	Bacilli	Lactobacillales	Streptococcaceae	Streptococcus	Parasanguinis
otu_01642	Bacteria	Firmicutes	Clostridia	Clostridiales	Eubacteriaceae	Eubacterium	Rectale
otu_01643	Bacteria	Firmicutes	Clostridia	Clostridiales	Ruminococcaceae	uncultured	NA
otu_01645	Bacteria	Bacteroidetes	Bacteroidia	Bacteroidales	BS11 gut group	NA	NA
otu_01647	Bacteria	Firmicutes	Clostridia	Clostridiales	NA	NA	NA
otu_01648	Bacteria	Firmicutes	Clostridia	Clostridiales	Peptostreptococcaceae	Peptostreptococcus	NA
otu_01649	Bacteria	Bacteroidetes	Bacteroidia	Bacteroidales	Prevotellaceae	Prevotella	NA
otu_01651	Bacteria	Bacteroidetes	Flavobacteria	Flavobacteriales	Flavobacteriaceae	Flavobacterium	NA
otu_01652	Bacteria	Actinobacteria	Actinobacteria	Corynebacteriales	Mycobacteriaceae	Mycobacterium	Cookii
otu_01653	Bacteria	Actinobacteria	Actinobacteria	Micrococcales	Micrococcaceae	Arthrobacter	Soli
otu_01655	Bacteria	Firmicutes	Clostridia	Clostridiales	Eubacteriaceae	Eubacterium	Biforme
otu_01656	Bacteria	Firmicutes	Bacilli	Lactobacillales	Carnobacteriaceae	Trichococcus	Pasteurii
otu_01657	Bacteria	Actinobacteria	Actinobacteria	Micrococcales	Dermabacteraceae	Brachybacterium	Paraconglomeratum
otu_01658	Bacteria	Proteobacteria	Alphaproteobacteria	Rhodobacterales	Rhodobacteraceae	Roseicyclus	NA
otu_01659	Bacteria	Proteobacteria	Alphaproteobacteria	Rhodobacterales	Rhodobacteraceae	Pseudoruegeria	NA
otu_01661	Bacteria	Firmicutes	Clostridia	Clostridiales	Ruminococcaceae	Ruminococcus	NA
otu_01662	Bacteria	Actinobacteria	Actinobacteria	Corynebacteriales	Nocardiaceae	Rhodococcus	Jialingiae
otu_01663	Bacteria	Firmicutes	Bacilli	Lactobacillales	Leuconostocaceae	Weissella	Ceti
otu_01665	Bacteria	Proteobacteria	Gammaproteobacteria	Pseudomonadales	Moraxellaceae	Psychrobacter	Sanguinis
otu_01667	Bacteria	Proteobacteria	Betaproteobacteria	Burkholderiales	Comamonadaceae	Aquabacterium	Parvum
otu_01668	Bacteria	Firmicutes	Bacilli	Lactobacillales	Streptococcaceae	Streptococcus	NA
otu_01669	Bacteria	Actinobacteria	Actinobacteria	Propionibacteriales	Nocardioidaceae	Nocardioides	NA
otu_01670	Bacteria	Firmicutes	Clostridia	Clostridiales	Peptostreptococcaceae	Incertae Sedis	Aminiphila
otu_01671	Bacteria	Proteobacteria	Betaproteobacteria	Burkholderiales	Comamonadaceae	Acidovorax	Delafieldii
otu_01673	Bacteria	Firmicutes	Bacilli	Lactobacillales	Carnobacteriaceae	Trichococcus	NA
otu_01674	Bacteria	Bacteroidetes	Bacteroidia	Bacteroidales	Prevotellaceae	Prevotella	NA
otu_01675	Bacteria	Firmicutes	Bacilli	Lactobacillales	Streptococcaceae	Streptococcus	Australis
otu_01679	Bacteria	Firmicutes	Bacilli	Bacillales	Staphylococcaceae	Staphylococcus	Equorum
otu_01680	Bacteria	Proteobacteria	Gammaproteobacteria	Pseudomonadales	Moraxellaceae	Psychrobacter	Fozii
otu_01682	Bacteria	Actinobacteria	Actinobacteria	Actinomycetales	Actinomycetaceae	Actinomyces	Viscosus
otu_01683	Bacteria	Firmicutes	Clostridia	Clostridiales	Clostridiaceae	Clostridium	Lituseburense
otu_01685	Bacteria	Proteobacteria	Deltaproteobacteria	NA	NA	NA	NA
otu_01687	Bacteria	Proteobacteria	Alphaproteobacteria	Rhodobacterales	Rhodobacteraceae	Rhodobacter	NA
otu_01689	Bacteria	Firmicutes	Clostridia	Clostridiales	Family XIII Incertae Sedis	Mogibacterium	NA
otu_01690	Bacteria	Firmicutes	Clostridia	Clostridiales	Lachnospiraceae	Dorea	Longicatena
otu_01691	Bacteria	Firmicutes	Clostridia	Clostridiales	Lachnospiraceae	NA	NA
otu_01692	Bacteria	Bacteroidetes	Flavobacteria	Flavobacteriales	Flavobacteriaceae	Chryseobacterium	Chaponense
otu_01694	Bacteria	Firmicutes	Clostridia	Clostridiales	Lachnospiraceae	NA	NA
otu_01696	Bacteria	Bacteroidetes	Bacteroidia	Bacteroidales	BS11 gut group	NA	NA
otu_01697	Bacteria	Proteobacteria	Gammaproteobacteria	Chromatiales	Chromatiaceae	Thiococcus	NA
otu_01698	Bacteria	Proteobacteria	Betaproteobacteria	Burkholderiales	Oxalobacteraceae	Undibacterium	Oligocarboniphilum
otu_01699	Bacteria	Firmicutes	Clostridia	Clostridiales	Family XI Incertae Sedis	Anaerococcus	NA
otu_01701	Bacteria	Proteobacteria	Deltaproteobacteria	Desulfobacterales	Desulfobacteraceae	uncultured	NA
otu_01704	Bacteria	Firmicutes	Clostridia	Clostridiales	Ruminococcaceae	Saccharofermentans	NA
otu_01706	Bacteria	Actinobacteria	Acidimicrobiia	Acidimicrobiales	Acidimicrobiaceae	Ilumatobacter	NA
otu_01708	Bacteria	Bacteroidetes	Flavobacteria	Flavobacteriales	Flavobacteriaceae	Myroides	Profundi
otu_01709	Bacteria	Firmicutes	Bacilli	Lactobacillales	Carnobacteriaceae	Atopostipes	Suicloacalis
otu_01711	Bacteria	Proteobacteria	Alphaproteobacteria	Caulobacterales	Caulobacteraceae	uncultured	NA
otu_01712	Bacteria	Bacteroidetes	Flavobacteria	Flavobacteriales	Flavobacteriaceae	Chryseobacterium	Oncorhynchi
otu_01713	Bacteria	Actinobacteria	Actinobacteria	Micrococcales	Cellulomonadaceae	Demequina	Flava
otu_01716	Bacteria	Fusobacteria	Fusobacteria	Fusobacteriales	Fusobacteriaceae	Fusobacterium	Necrophorum
otu_01717	Bacteria	Proteobacteria	Gammaproteobacteria	Chromatiales	Chromatiaceae	Thiohalocapsa	NA
otu_01719	Bacteria	Proteobacteria	Betaproteobacteria	Neisseriales	Neisseriaceae	Neisseria	Perflava
otu_01723	Bacteria	Proteobacteria	Alphaproteobacteria	Rhodobacterales	Rhodobacteraceae	NA	NA
otu_01724	Bacteria	Firmicutes	Bacilli	Bacillales	Paenibacillaceae	Paenibacillus	NA
otu_01725	Bacteria	Firmicutes	Bacilli	Bacillales	Staphylococcaceae	Nosocomiicoccus	Ampullae
otu_01726	Bacteria	Firmicutes	Bacilli	Bacillales	Family XI Incertae Sedis	Gemella	Sanguinis
otu_01728	Bacteria	Firmicutes	Bacilli	Lactobacillales	Leuconostocaceae	Weissella	Halotolerans
otu_01729	Bacteria	Cyanobacteria	SubsectionI	Prochlorococcus	NA	NA	NA
otu_01730	Bacteria	Firmicutes	Clostridia	Clostridiales	Peptostreptococcaceae	Peptostreptococcus	Russellii
otu_01731	Bacteria	Bacteroidetes	Flavobacteria	Flavobacteriales	Flavobacteriaceae	Cloacibacterium	Normanense
otu_01732	Bacteria	Proteobacteria	Gammaproteobacteria	Pseudomonadales	Moraxellaceae	Acinetobacter	Schindleri
otu_01734	Bacteria	Proteobacteria	Betaproteobacteria	Burkholderiales	Comamonadaceae	Acidovorax	NA
otu_01735	Bacteria	Actinobacteria	Actinobacteria	Micrococcales	Dermacoccaceae	Dermacoccus	Nishinomiyaensis
otu_01737	Bacteria	Bacteroidetes	Sphingobacteria	Sphingobacteriales	Chitinophagaceae	Sediminibacterium	NA
otu_01740	Bacteria	Firmicutes	Clostridia	Clostridiales	Family XI Incertae Sedis	Tissierella	NA
otu_01741	Bacteria	Candidate division TM7	NA	NA	NA	NA	NA
otu_01744	Bacteria	Proteobacteria	Betaproteobacteria	Rhodocyclales	Rhodocyclaceae	Methyloversatilis	Universalis
otu_01747	Bacteria	Actinobacteria	Actinobacteria	Propionibacteriales	Propionibacteriaceae	Luteococcus	Japonicus
otu_01748	Bacteria	Firmicutes	Bacilli	Bacillales	Family XI Incertae Sedis	Gemella	Haemolysans
otu_01750	Bacteria	Proteobacteria	Betaproteobacteria	Neisseriales	Neisseriaceae	uncultured	NA
otu_01751	Bacteria	Firmicutes	Bacilli	Bacillales	Bacillaceae	Anoxybacillus	Flavithermus
otu_01757	Bacteria	Actinobacteria	Actinobacteria	Micrococcales	Micrococcaceae	Kocuria	Rhizophila
otu_01758	Bacteria	Actinobacteria	Actinobacteria	Corynebacteriales	Dietziaceae	Dietzia	Schimae
otu_01760	Bacteria	Actinobacteria	Actinobacteria	Corynebacteriales	Corynebacteriaceae	Corynebacterium	Humireducens
otu_01765	Bacteria	Actinobacteria	Actinobacteria	Propionibacteriales	Nocardioidaceae	Marmoricola	Scoriae
otu_01766	Bacteria	Actinobacteria	Coriobacteria	Coriobacteriales	Coriobacteriaceae	Olsenella	NA
otu_01768	Bacteria	Fusobacteria	Fusobacteria	Fusobacteriales	Fusobacteriaceae	Fusobacterium	NA
otu_01769	Bacteria	Proteobacteria	Alphaproteobacteria	Rhodobacterales	Rhodobacteraceae	NA	NA
otu_01773	Bacteria	Bacteroidetes	Bacteroidia	Bacteroidales	BS11 gut group	NA	NA
otu_01774	Bacteria	Firmicutes	Clostridia	Clostridiales	Ruminococcaceae	uncultured	NA
otu_01775	Bacteria	Actinobacteria	Actinobacteria	Actinomycetales	Actinomycetaceae	Trueperella	Pyogenes
otu_01778	Bacteria	Tenericutes	Mollicutes	Mycoplasmatales	Mycoplasmataceae	Candidatus Lumbricincola	NA
otu_01781	Bacteria	Proteobacteria	Gammaproteobacteria	Alteromonadales	Moritellaceae	Moritella	Abyssi
otu_01782	Bacteria	Proteobacteria	Alphaproteobacteria	Sphingomonadales	Sphingomonadaceae	Novosphingobium	NA
otu_01784	Bacteria	Firmicutes	Clostridia	Clostridiales	Ruminococcaceae	Faecalibacterium	NA
otu_01785	Bacteria	Firmicutes	Bacilli	Bacillales	Planococcaceae	Planococcus	Halocryophilus
otu_01788	Bacteria	Proteobacteria	Alphaproteobacteria	Rhizobiales	Uncultured	NA	NA
otu_01789	Bacteria	Proteobacteria	Gammaproteobacteria	Pseudomonadales	Pseudomonadaceae	Pseudomonas	Caeni
otu_01790	Bacteria	Firmicutes	Bacilli	Bacillales	Planococcaceae	Jeotgalibacillus	Psychrophilus
otu_01791	Bacteria	Bacteroidetes	Flavobacteria	Flavobacteriales	Flavobacteriaceae	Myroides	Odoratus
otu_01792	Bacteria	Firmicutes	Clostridia	Clostridiales	Family XI Incertae Sedis	Finegoldia	Magna
otu_01793	Bacteria	Fusobacteria	Fusobacteria	Fusobacteriales	Fusobacteriaceae	Fusobacterium	Periodonticum
otu_01794	Bacteria	Proteobacteria	Betaproteobacteria	Neisseriales	Neisseriaceae	uncultured	NA
otu_01795	Bacteria	Bacteroidetes	Flavobacteria	Flavobacteriales	Flavobacteriaceae	Flavobacterium	NA
otu_01797	Bacteria	Bacteroidetes	Flavobacteria	Flavobacteriales	Flavobacteriaceae	Chryseobacterium	NA
otu_01798	Bacteria	Proteobacteria	Gammaproteobacteria	Vibrionales	Vibrionaceae	Aliivibrio	NA
otu_01799	Bacteria	Proteobacteria	Epsilonproteobacteria	Campylobacterales	Campylobacteraceae	Arcobacter	NA
otu_01802	Bacteria	Proteobacteria	Gammaproteobacteria	NA	NA	NA	NA
otu_01803	Bacteria	Proteobacteria	Gammaproteobacteria	Alteromonadales	Shewanellaceae	Shewanella	NA
otu_01804	Bacteria	Firmicutes	Bacilli	Lactobacillales	Carnobacteriaceae	Carnobacterium	NA
otu_01810	Bacteria	Bacteroidetes	Bacteroidia	Bacteroidales	Porphyromonadaceae	Parabacteroides	NA
otu_01813	Bacteria	Bacteroidetes	Flavobacteria	Flavobacteriales	Flavobacteriaceae	Myroides	NA
otu_01816	Bacteria	Firmicutes	Clostridia	Clostridiales	Peptostreptococcaceae	uncultured	NA
otu_01818	Bacteria	Fusobacteria	Fusobacteria	Fusobacteriales	Hados.Sed.Eubac.3	NA	NA
otu_01819	Bacteria	Fusobacteria	Fusobacteria	Fusobacteriales	Fusobacteriaceae	Cetobacterium	NA
otu_01822	Bacteria	Fusobacteria	Fusobacteria	Fusobacteriales	Hados.Sed.Eubac.3	NA	NA
otu_01824	Bacteria	Proteobacteria	Gammaproteobacteria	Vibrionales	Vibrionaceae	Photobacterium	NA
otu_01825	Bacteria	Proteobacteria	Gammaproteobacteria	Vibrionales	Vibrionaceae	Photobacterium	NA
otu_01826	Bacteria	Proteobacteria	Gammaproteobacteria	Vibrionales	Vibrionaceae	Photobacterium	NA
otu_01827	Bacteria	Proteobacteria	Gammaproteobacteria	Vibrionales	Vibrionaceae	Vibrio	NA
otu_01832	Bacteria	Firmicutes	Bacilli	Lactobacillales	Leuconostocaceae	Weissella	NA
otu_01833	Bacteria	Actinobacteria	Actinobacteria	Actinomycetales	Actinomycetaceae	Actinomyces	NA
otu_01834	Bacteria	Firmicutes	Bacilli	Lactobacillales	Aerococcaceae	Facklamia	NA
otu_01835	Bacteria	Firmicutes	Bacilli	Bacillales	Planococcaceae	Incertae Sedis	NA
otu_01837	Bacteria	Bacteroidetes	Flavobacteria	Flavobacteriales	Flavobacteriaceae	Flavobacterium	NA
otu_01838	Bacteria	Bacteroidetes	Bacteroidia	Bacteroidales	Prevotellaceae	Prevotella	NA
otu_01840	Bacteria	Spirochaetes	Spirochaetes	Spirochaetales	NA	NA	NA
otu_01841	Bacteria	Firmicutes	Clostridia	Clostridiales	Family XI Incertae Sedis	Gallicola	NA
otu_01843	Bacteria	Firmicutes	Clostridia	Clostridiales	Eubacteriaceae	Eubacterium	NA
otu_01844	Bacteria	Bacteroidetes	Flavobacteria	Flavobacteriales	Flavobacteriaceae	Myroides	NA
otu_01845	Bacteria	Tenericutes	Mollicutes	Mycoplasmatales	Mycoplasmataceae	Mycoplasma	NA
otu_01846	Bacteria	Bacteroidetes	Flavobacteria	Flavobacteriales	Flavobacteriaceae	Flavobacterium	NA
otu_01847	Bacteria	Firmicutes	Clostridia	Clostridiales	Lachnospiraceae	NA	NA
otu_01848	Bacteria	Bacteroidetes	Flavobacteria	Flavobacteriales	Flavobacteriaceae	Flavobacterium	NA
otu_01849	Bacteria	Bacteroidetes	Flavobacteria	Flavobacteriales	Flavobacteriaceae	Flavobacterium	NA
otu_01851	Bacteria	Proteobacteria	Deltaproteobacteria	NA	NA	NA	NA
otu_01852	Bacteria	Actinobacteria	Actinobacteria	PeM15	NA	NA	NA
otu_01853	Bacteria	Fusobacteria	Fusobacteria	Fusobacteriales	Hados.Sed.Eubac.3	NA	NA
otu_01854	Bacteria	Firmicutes	Clostridia	Clostridiales	Clostridiaceae	Proteiniclasticum	NA
otu_01856	Bacteria	Firmicutes	Clostridia	Clostridiales	Ruminococcaceae	uncultured	NA
otu_01857	Bacteria	Tenericutes	Mollicutes	Mycoplasmatales	Mycoplasmataceae	Candidatus Lumbricincola	NA
otu_01858	Bacteria	Bacteroidetes	Flavobacteria	Flavobacteriales	Flavobacteriaceae	Chryseobacterium	NA
otu_01860	Bacteria	Bacteroidetes	Flavobacteria	Flavobacteriales	Flavobacteriaceae	Polaribacter	NA
otu_01863	Bacteria	Bacteroidetes	Flavobacteria	Flavobacteriales	Flavobacteriaceae	Flavobacterium	NA
otu_01864	Bacteria	Firmicutes	Bacilli	Lactobacillales	Carnobacteriaceae	uncultured	NA
otu_01866	Bacteria	Firmicutes	Bacilli	Lactobacillales	Aerococcaceae	Facklamia	NA
otu_01867	Bacteria	Bacteroidetes	NA	NA	NA	NA	NA
otu_01873	Bacteria	Firmicutes	Clostridia	Clostridiales	Lachnospiraceae	NA	NA
otu_01874	Bacteria	Firmicutes	Clostridia	Clostridiales	Family XI Incertae Sedis	Peptoniphilus	NA
otu_01875	Bacteria	Bacteroidetes	Flavobacteria	Flavobacteriales	Flavobacteriaceae	NA	NA
otu_01876	Bacteria	Firmicutes	Bacilli	Lactobacillales	Carnobacteriaceae	Trichococcus	NA
otu_01886	Bacteria	Bacteroidetes	Flavobacteria	Flavobacteriales	Flavobacteriaceae	Chryseobacterium	NA
otu_01888	Bacteria	GN02	NA	NA	NA	NA	NA
otu_01891	Bacteria	Firmicutes	Clostridia	Clostridiales	Clostridiaceae	uncultured	NA
otu_01894	Bacteria	Tenericutes	Mollicutes	Mycoplasmatales	Mycoplasmataceae	Candidatus Bacilloplasma	NA
otu_01902	Bacteria	Proteobacteria	Gammaproteobacteria	Order Incertae Sedis	Family Incertae Sedis	Sedimenticola	NA
otu_01904	Bacteria	Bacteroidetes	Flavobacteria	Flavobacteriales	Flavobacteriaceae	Flavobacterium	NA
otu_01907	Bacteria	Bacteroidetes	Flavobacteria	Flavobacteriales	Flavobacteriaceae	Chryseobacterium	NA
otu_01910	Bacteria	Bacteroidetes	Flavobacteria	Flavobacteriales	Flavobacteriaceae	Flavobacterium	NA
otu_01911	Bacteria	Bacteroidetes	Flavobacteria	Flavobacteriales	Flavobacteriaceae	Flavobacterium	NA
otu_01913	Bacteria	Firmicutes	Clostridia	Clostridiales	Veillonellaceae	Succiniclasticum	NA
otu_01918	Bacteria	CK-1C4-19	NA	NA	NA	NA	NA
